{"train_loss": [0.8661002020041147, 0.838919480641683, 0.8313683370749155, 0.8262437656521797, 0.8217331233123938, 0.8176222865780195, 0.8139928927024206, 0.8106622435152531, 0.8080382980406284, 0.8051269600788752, 0.8023787600298723, 0.7999397739768028, 0.7975670856734117, 0.7956245367725691, 0.793690737336874, 0.7920126989483833, 0.7905027990539869, 0.7893945947289467, 0.787808588395516, 0.7865544259548187, 0.7853916014234225, 0.7843394875526428, 0.7840151575704416, 0.7831333776315054, 0.7819234703977903, 0.7810003546377023, 0.7802861941357454, 0.7797124137481054, 0.7790687258044878, 0.7785465295116106, 0.7778156511485577, 0.7773896642029285, 0.7769039124250412, 0.776384923607111, 0.7760344905157884, 0.7756807953119278, 0.7751753069460392, 0.7748463054498037, 0.7746754984060923, 0.7744591000179449, 0.7741251364350319, 0.7737830566863219, 0.7735735562940439, 0.7732642603417238, 0.773095116019249, 0.7729637722174326, 0.7727808517714342, 0.7724473364651203, 0.7723178577919801, 0.7721919839580854], "val_loss": [0.8549631039301554, 0.8453543285528818, 0.8403391142686208, 0.8329903384049734, 0.8261066575845083, 0.8199747006098429, 0.8195823629697164, 0.8137670556704203, 0.8133710026741028, 0.8117017149925232, 0.8086908857027689, 0.8079653282960256, 0.8026169836521149, 0.8019203742345175, 0.7993324001630148, 0.7977842291196188, 0.7960768242677053, 0.7940115431944529, 0.7929234504699707, 0.7915891210238138, 0.7902175585428873, 0.789257675409317, 0.7972021897633871, 0.8110263645648956, 0.7878442605336508, 0.7863450845082601, 0.7855652769406637, 0.7849155068397522, 0.7842592895030975, 0.7840881844361623, 0.783661405245463, 0.7824098964532217, 0.7821269631385803, 0.7828592856725057, 0.7819572389125824, 0.7815851668516794, 0.7811205585797628, 0.7814025183518728, 0.7802426318327585, 0.7800639172395071, 0.7797150214513143, 0.7793063521385193, 0.7793990174929301, 0.7790519893169403, 0.778860996166865, 0.7785374323527018, 0.7783208986123403, 0.7783314088980356, 0.7781463364760081, 0.7776366670926412], "lr": [0.0001, 0.0001, 0.0001, 0.0001, 0.0001, 0.0001, 0.0001, 0.0001, 0.0001, 0.0001, 0.0001, 0.0001, 0.0001, 0.0001, 0.0001, 0.0001, 0.0001, 0.0001, 0.0001, 0.0001, 0.0001, 0.0001, 0.0001, 0.0001, 0.0001, 0.0001, 0.0001, 0.0001, 0.0001, 0.0001, 0.0001, 0.0001, 0.0001, 0.0001, 0.0001, 0.0001, 0.0001, 0.0001, 0.0001, 0.0001, 0.0001, 0.0001, 0.0001, 0.0001, 0.0001, 0.0001, 0.0001, 0.0001, 0.0001, 0.0001]}